TAI,Estimated growth rate,FBA growth rate,Carbon balance
33,0.14046134424537804,0.24403054858195983,9.74869935671546
41,0.06614020614030681,0.0543410691975975,2.1662831620293357
45,0.052302906159738045,0.10110508432860135,4.0305103489995195
49,0.043253724239836595,0.10547349146706751,4.204655005493742
53,0.007009077352637001,0.12076249817486896,4.814144628799228
57,-0.0047949130194637575,0.03243885946186895,1.293161067408485
61,-0.004888676126695085,0.04719133631605085,1.8812621607313997
65,-0.004986179391309949,0.05055195823240731,2.0152318963079514
