TAI,Estimated growth rate,FBA growth rate,Carbon balance
21,0.24556583215164038,1.2572696479184335,70.46291291830586
29,0.1034880982587305,0.19351643300928129,7.714448695876684
33,0.07319065250605969,0.10279175058591244,4.097748568032072
37,0.008760772349996957,0.06721973185765266,2.6796854649632564
41,0.008464161965542475,0.06898506589378166,2.7500597408892062
45,0.008186978323392168,0.06990037657308958,2.7865482042537666
49,0.0031403282004066305,0.03624151344958122,1.444752219850725
53,0.00310137091028863,0.039721851082174485,1.5834943705479825
57,0.0030633683444052794,0.04509214737081363,1.7975789036086849
