TAI;Growth rate;Glutamic acid;Glucose
21;0.24556583215164038;-11.297978646697763;-4.561497017939771
29;0.10359893365530298;-1.9343103246315885;-0.7809672024965314
33;0.07324607330143551;-1.3675877813288335;-0.5521560786562197
37;0.023523150607581974;-1.1351760238090018;-0.4703464935850812
41;0.021500145924878363;-1.037550223159735;-0.4298964205957448
45;0.002953293674899829;-0.8158821805101101;-0.2262221591488994
49;0.0029188132243649057;-0.8063565497181238;-0.22358095822982663
53;0.0028851286181068104;-0.7970507802861653;-0.22100071894561618
57;0.0028522126171204917;-0.7879573471180936;-0.21847935478973865
