TAI;Growth rate;Glutamic acid;Germicidin-A;Glucose;Germicidin-B
33;0.13795612048696793;-4.552772410392381;;-0.8515259626117927;
41;0.06557943975190958;-2.1642262984605143;;-0.4047851981134977;
45;0.051951609873146655;-1.7144861371212146;;-0.32066822733423045;
49;0.04301319166254167;-1.419504053846153;;-0.2654963716445715;
53;0.0070090773526369715;-1.2848043302987573;0.0019589005267684964;-0.4053812144262969;0.009671468268678122
57;-0.005294654926139655;-0.7719663818456374;0.0019864640569437534;-0.17648912865814553;0.00980755471299723
61;-0.005409214625595477;-0.788669309218227;0.0020294448986639124;-0.18030779896213048;0.010019759386576716
65;-0.005528841384309904;-0.8061110192795904;0.002074326814435551;-0.1842953718453931;0.01024135002800605
