TAI;Estimated CDW;Growth rate;Glucose;Glutamic acid;Undecylprodigiosin 2;Germicidin-A;Germicidin-B
33;1.3818518520622103;0.13795612048696793;-0.42511604396819985;-3.0766835626551257;;;
41;2.9069312168480828;0.06557943975190958;-0.2020850680243382;-1.4625460879924668;;;
45;3.669470899241019;0.051951609873146655;-0.3942806448908805;-1.488112308406639;;;
49;4.432010581633954;0.04301319166254167;-0.3829076128920748;-1.4451876832173676;;;
53;4.835;0.0070090773526369715;-0.3721722965813783;-1.4046699541743726;;0.0019589005267684964;0.009671468268678122
57;4.7639999998339055;-0.004478029671068822;-0.17663402127858924;-0.7726001445754467;;0.0019880948881729407;0.009815606440111048
61;4.678666666424993;-0.004559703623538768;-0.17985561642604606;-0.7866914552905157;;0.002024355382035105;0.009994631465119867
65;4.593333333016081;-0.004644412196016301;-0.1831969108998507;-0.801306332848328;;0.0020619631453366854;0.010180308218205031
