TAI;Estimated CDW;Growth rate;Glucose;Glutamic acid;Undecylprodigiosin 2;Germicidin-A;Germicidin-B
21;0.5137777775781389;0.24556583215164038;-4.561497017939771;-11.297978646697763;;;
29;3.000888888566114;0.10359893365530298;-0.7809672024965314;-1.9343103246315885;;;
33;4.2444444440600995;0.07324607330143551;-0.5521560786562197;-1.3675877813288335;;;
37;5.2194444442500005;0.023523150607581974;-0.4703464935850812;-1.1351760238090018;0.030030279741292902;0.0596660622192699;0.0848164705228182
41;5.710555555249999;0.021500145924878363;-0.4298964205957448;-1.037550223159735;0.02744765815488204;0.0545347460413612;0.07752220455052326
45;5.771304347477473;0.002953293674899829;-0.2262221591488994;-0.8158821805101101;0.027158743902229526;0.053960712901367;0.07670620525232062
49;5.839481773978782;0.0029188132243649057;-0.22358095822982663;-0.8063565497181238;0.02684165869879366;0.05333070793171633;0.07581064090719533
53;5.90765920048009;0.0028851286181068104;-0.22100071894561618;-0.7970507802861653;0.026531892148116278;0.05271524412500556;0.07493574710864186
57;5.9758366269813985;0.0028522126171204917;-0.21847935478973865;-0.7879573471180936;0.026229193757952525;0.05211382378737386;0.07408081637513539
