TAI,Estimated CDW,Growth rate,Glucose,Glutamic acid,Undecylprodigiosin 2,Germicidin-A,Germicidin-B,CO2
33,1.3790987,0.1404613,-0.398745,-3.0173377,,,,9
41,2.9287792,0.0661402,-0.1877604,-1.420799,,,,6.0642743
45,3.7036195,0.0523029,-0.3936554,-1.415306,,,,5.4079523
49,4.4784597,0.0432537,-0.3823004,-1.3744815,,,,4.961555
53,4.835,0.0070091,-0.3715821,-1.3359461,,0.000003,0.0000156,4.094893
57,4.7674123,-0.0047949,-0.1765076,-0.7720472,,0.0000031,0.0000158,3.6259319
61,4.675975,-0.0048887,-0.1799591,-0.7871443,,0.0000031,0.0000161,3.1340222
65,4.5845377,-0.0049862,-0.1835484,-0.8028437,,0.0000032,0.0000164,3.1000809
